id;name;email;phone;city;address;birthday
1;wearily when zowie;Bicek.Agaoglu20@gmail.com;+90-042-221-54-57;İçel (Mersin);underneath;2023-11-16T07:59:20
2;excepting;Boyankulu.Atakol@yahoo.com;+90-039-501-3-546;Edirne;thoroughly shipyard;2023-11-16T10:30:50
3;miserably bitterly phew;Imrem.Akyurek56@hotmail.com;+90-968-734-93-20;Kocaeli;husky;2023-11-16T13:20:09
4;suddenly uh-huh;Alayuntlu15@hotmail.com;+90-327-807-97-14;Iğdır;second-hand view pish;2023-11-16T16:38:25
5;costly;B8hck8h.Mayhos@hotmail.com;+90-473-570-78-14;Muş;seeder gum call;2023-11-16T15:33:17
6;though joyously yippee;Akkus.Ozkara@gmail.com;+90-494-411-9-123;Siirt;gladly;2023-11-16T02:57:59
7;highlight;Boylabaga.Ekici@hotmail.com;+90-072-962-53-24;Malatya;conventional firewall;2023-11-16T20:14:07
8;phooey ready;Basm8hl_Elicin@yahoo.com;+90-431-751-4-461;Uşak;since;2023-11-16T00:18:48
9;attempt fooey bah;Ayma.Mertoglu31@hotmail.com;+90-152-023-5-847;Kırşehir;adviser inside;2023-11-16T15:17:27
10;disappoint dangerous;Begkulu.Alyanak52@gmail.com;+90-028-952-84-31;Diyarbakır;however physical;2023-11-16T14:42:13
