id;code;session_id;athlete_id;coach_id
1;except filthy factor;3f81707a-95b8-4e2e-ab0a-b0fc18efb5f9;45c50db6-4287-416f-b61c-ebcef7cbc4d0;968673ac-5ba6-4e2a-9107-0267100581fb
2;ifXXX;7eac884d-c2d1-4821-a89d-25b8e6bd7221;deb2c889-3475-4cd2-981d-6b71e104581d;0537c4e2-f2ee-4e0a-b1f3-c122e1b8beb8
3;amidst frigid;990db61c-bee3-4e0d-8b55-c655aa5ea6a4;fe5156c3-df5f-4d1d-a34c-d42fd4c79a1c;342b6ab5-3448-4f2d-b8e1-c3e8be52b4e6
4;barring yum whenever;1be731a5-1a72-46e4-9ffc-6ff950c8d26d;93ad568f-0632-483e-a331-8db80e3d9db9;73a141c2-619a-40c7-8f87-dd7d691b8bf4
5;yahoo sidestream;7422cdfd-d1cb-4985-aebb-8a23b343cd89;64c840b7-e219-480b-8264-8d4bc8c4313a;c90c2c78-d2fb-4a68-beff-7175965ccd01
6;rivulet pfft knavishly;2e63f45d-bb36-4a36-b423-78938583b310;e3ac8dac-486f-475b-8bcf-ff2c313869ed;101768fb-67ef-45e5-9084-43c52f893f43
7;quarrelsome;ad8f0ea3-d1cf-47c8-86e3-8d605cf88b8a;fd064172-7e69-465e-bf39-aae2ba8af6fb;c2e6c4ee-20ba-4fa7-9910-84eee90f58d0
8;toy because eek;59eec4c6-f8db-4be4-b942-dc2e440bb17a;56c22d44-59f8-435c-ad8b-126d080e4f64;996cd3f4-fa27-428e-97f4-a5f03962d94c
9;consequently loosely um;16f81adc-186f-4e22-a28e-ce150bfe68fe;d5ac9a89-05ac-4e68-8abd-ea8b5552c329;01d70401-7368-4b73-99b5-69d3e06c6575
10;onceX;e8d7526e-40c7-409c-9bd4-e43c16154cd2;e115e7d4-5f40-4aca-846a-3acf56702c35;1bbb4153-bbf8-4af3-8b4d-7f621dd2d61c
