id;name;email;phone;city;address;birthday;hire_date;salary;role;status
1;stoop;Begbilgeciksin57@yahoo.com;+90-655-230-9-170;Ankara;unethically tear pier;2023-11-16T16:00:43;2023-11-16T18:29:54;25573;2023-11-15T23:38:02;false
2;morphology;Bilgetegin93@gmail.com;+90-096-647-64-32;Bilecik;whoa invention;2023-11-16T02:14:57;2023-11-16T09:47:55;5598;2023-11-16T18:26:57;false
3;agent;Burulgu_Corekci@gmail.com;+90-275-167-3-727;Karabük;pancreas because upstage;2023-11-16T13:56:38;2023-11-16T02:44:12;4213;2023-11-15T22:14:39;true
4;pace hence after;Kesme.Aydan98@gmail.com;+90-194-107-22-06;Giresun;spur yippee for;2023-11-16T05:55:37;2023-11-16T21:23:54;26779;2023-11-16T19:57:20;false
5;now slash;Atakan.Ozgorkey@gmail.com;+90-224-122-6-915;Ardahan;congo smoothly;2023-11-16T12:07:42;2023-11-16T05:55:05;2898;2023-11-16T06:15:33;true
6;pressurisation shiny wait;Ikeme_Bademci99@hotmail.com;+90-135-944-92-47;Antalya;upside-down blond animal;2023-11-16T01:10:06;2023-11-16T17:37:43;29292;2023-11-16T03:02:08;false
7;gussy decision toward;Ac8hk58@yahoo.com;+90-177-673-8-705;Niğde;obediently;2023-11-16T19:00:44;2023-11-16T01:25:28;7875;2023-11-16T04:00:33;false
8;immaculate;Artut_Barbarosoglu@hotmail.com;+90-967-807-28-85;Karabük;youthfully penalise;2023-11-16T05:42:32;2023-11-16T08:45:10;21490;2023-11-16T13:50:48;true
9;huzzah of;Karg8hlac_Kavakl8hoglu@yahoo.com;+90-365-051-2-912;Mardin;boohoo sore openly;2023-11-15T22:50:25;2023-11-16T02:47:34;5984;2023-11-16T14:21:04;false
10;till periodic;Badur.Kocoglu@yahoo.com;+90-953-521-84-41;Balıkesir;condone;2023-11-15T23:02:31;2023-11-16T10:32:42;12772;2023-11-16T18:57:05;false
